{"stat.useItem.minecraft.anvil":1,"stat.useItem.minecraft.glass_pane":7,"stat.useItem.minecraft.chest":23,"stat.useItem.minecraft.fence_gate":2,"stat.useItem.minecraft.ice":330,"stat.useItem.minecraft.iron_bars":32,"stat.useItem.minecraft.stone_brick_stairs":8,"stat.killEntity.Sheep":4,"stat.useItem.minecraft.web":6,"stat.useItem.minecraft.cobblestone":395,"stat.useItem.minecraft.stone_button":46,"stat.useItem.minecraft.brown_mushroom":9,"stat.useItem.minecraft.leaves":123,"stat.useItem.minecraft.netherrack":6,"stat.useItem.minecraft.quartz_block":416,"stat.useItem.minecraft.map":33,"stat.useItem.minecraft.command_block":1,"stat.useItem.minecraft.wooden_door":48,"stat.useItem.minecraft.minecart":49,"achievement.openInventory":2852,"stat.damageDealt":1685,"stat.useItem.minecraft.fence":1295,"stat.useItem.minecraft.item_frame":66,"stat.useItem.minecraft.iron_block":34,"stat.mineBlock.minecraft.red_mushroom_block":49,"stat.crouchOneCm":2019,"stat.useItem.minecraft.packed_ice":4,"stat.useItem.minecraft.sticky_piston":161,"stat.useItem.minecraft.acacia_door":1,"achievement.exploreAllBiomes":{"value":0,"progress":["Deep Ocean","Taiga","Extreme Hills","Ocean","Mega Taiga Hills","Plains","Jungle","Extreme Hills Edge","Hell","ForestHills","Forest","JungleHills","Beach","Mega Taiga","Swampland","River"]},"stat.useItem.minecraft.log":150,"stat.useItem.minecraft.tnt":49,"stat.useItem.minecraft.bedrock":2,"stat.useItem.minecraft.red_mushroom":32,"stat.mineBlock.minecraft.brown_mushroom_block":51,"stat.useItem.minecraft.diamond_shovel":104,"stat.useItem.minecraft.obsidian":2,"stat.useItem.minecraft.snow_layer":102,"stat.useItem.minecraft.planks":2779,"stat.useItem.minecraft.quartz_stairs":58,"stat.useItem.minecraft.noteblock":103,"stat.fallOneCm":1934,"stat.flyOneCm":22422737,"stat.useItem.minecraft.red_flower":1,"stat.damageTaken":100,"stat.useItem.minecraft.torch":1092,"stat.useItem.minecraft.boat":8,"stat.useItem.minecraft.bed":16,"stat.useItem.minecraft.dispenser":17,"stat.useItem.minecraft.diamond_sword":3,"stat.mineBlock.minecraft.mycelium":1,"stat.useItem.minecraft.wooden_pressure_plate":57,"stat.useItem.minecraft.sponge":896,"stat.useItem.minecraft.cake":15,"stat.useItem.minecraft.wheat_seeds":31,"stat.useItem.minecraft.oak_stairs":198,"stat.useItem.minecraft.yellow_flower":1,"stat.killEntity.Chicken":2,"stat.useItem.minecraft.stonebrick":6261,"stat.useItem.minecraft.golden_rail":230,"stat.useItem.minecraft.dye":820,"stat.useItem.minecraft.stone":3261,"stat.useItem.minecraft.furnace":3,"stat.useItem.minecraft.flower_pot":3,"stat.useItem.minecraft.rail":843,"stat.useItem.minecraft.ladder":142,"stat.useItem.minecraft.ender_chest":1,"stat.useItem.minecraft.redstone_lamp":126,"stat.useItem.minecraft.flint_and_steel":85,"stat.climbOneCm":301638,"stat.useItem.minecraft.redstone":1431,"stat.useItem.minecraft.sapling":122,"stat.drop":909,"stat.useItem.minecraft.diamond_block":25,"stat.useItem.minecraft.repeater":397,"stat.useItem.minecraft.stone_pressure_plate":138,"stat.useItem.minecraft.nether_brick_fence":78,"stat.useItem.minecraft.comparator":11,"stat.useItem.minecraft.glowstone":260,"stat.useItem.minecraft.bow":211,"achievement.mineWood":2,"stat.useItem.minecraft.spruce_stairs":16,"stat.useItem.minecraft.gold_block":91,"stat.useItem.minecraft.mycelium":26,"stat.useItem.minecraft.sand":314,"stat.useItem.minecraft.snow":488,"stat.useItem.minecraft.stone_slab":1615,"stat.useItem.minecraft.lapis_block":1,"stat.useItem.minecraft.crafting_table":3,"stat.playOneMinute":7301243,"stat.useItem.minecraft.redstone_torch":307,"stat.leaveGame":54,"stat.diveOneCm":930205,"stat.useItem.minecraft.lever":153,"stat.useItem.minecraft.glass":1452,"stat.killEntity.Villager":1,"stat.useItem.minecraft.soul_sand":2,"stat.timeSinceDeath":3322285,"stat.useItem.minecraft.iron_trapdoor":1,"stat.useItem.minecraft.chest_minecart":1,"stat.useItem.minecraft.gravel":15,"stat.useItem.minecraft.waterlily":2,"stat.boatOneCm":161915,"stat.useItem.minecraft.brown_mushroom_block":138,"stat.useItem.minecraft.painting":279,"stat.useItem.minecraft.wool":10506,"stat.useItem.minecraft.mossy_cobblestone":42,"stat.useItem.minecraft.pumpkin":6,"stat.useItem.minecraft.fishing_rod":182,"stat.swimOneCm":833420,"stat.useItem.minecraft.sandstone_stairs":104,"stat.killEntity.Skeleton":3,"stat.walkOneCm":10943577,"stat.useItem.minecraft.sandstone":613,"stat.useItem.minecraft.iron_door":15,"stat.jump":10998,"stat.useItem.minecraft.wooden_button":9,"stat.useItem.minecraft.wooden_slab":47,"stat.useItem.minecraft.vine":4,"stat.killEntity.Ozelot":35,"stat.mobKills":49,"stat.useItem.minecraft.stone_stairs":1,"stat.useItem.minecraft.sign":125,"stat.mineBlock.minecraft.dirt":3,"stat.minecartOneCm":1344341,"stat.useItem.minecraft.birch_stairs":28,"stat.useItem.minecraft.bookshelf":17,"stat.useItem.minecraft.cauldron":20,"stat.useItem.minecraft.piston":3,"stat.useItem.minecraft.detector_rail":114,"stat.killEntity.Squid":2,"stat.useItem.minecraft.spawn_egg":26,"stat.useItem.minecraft.trapdoor":257,"stat.useItem.minecraft.sea_lantern":28,"stat.sprintOneCm":294158,"stat.useItem.minecraft.dirt":10989}