{"stat.crouchOneCm":26,"stat.useItem.minecraft.diamond_pickaxe":21,"stat.mineBlock.minecraft.furnace":1,"achievement.openInventory":16,"stat.craftItem.minecraft.furnace":1,"stat.mineBlock.minecraft.log":9,"achievement.exploreAllBiomes":{"value":0,"progress":["Extreme Hills","Ocean","Extreme Hills Edge","Swampland","River"]},"stat.climbOneCm":10116,"stat.useItem.minecraft.furnace":1,"stat.fallOneCm":538,"stat.mineBlock.minecraft.iron_ore":1,"stat.flyOneCm":56446,"achievement.buildWorkBench":1,"stat.timeSinceDeath":70996,"stat.leaveGame":2,"stat.diveOneCm":1449,"stat.craftItem.minecraft.iron_ingot":1,"stat.useItem.minecraft.crafting_table":1,"achievement.mineWood":8,"stat.mineBlock.minecraft.crafting_table":1,"stat.playOneMinute":70996,"stat.useItem.minecraft.painting":11,"stat.useItem.minecraft.snow":1,"stat.jump":194,"stat.swimOneCm":4984,"stat.craftItem.minecraft.crafting_table":1,"stat.mineBlock.minecraft.stone":9,"stat.walkOneCm":284240,"stat.craftItem.minecraft.planks":32,"stat.mineBlock.minecraft.dirt":3,"stat.useItem.minecraft.sign":1,"stat.mineBlock.minecraft.coal_ore":1,"stat.sprintOneCm":561,"stat.useItem.minecraft.dirt":3}